{
    "Activation_vector": [
        false,
        true,
        true,
        true,
        true,
        false,
        false,
        false,
        false,
        false
    ],
    "Sensor_angles": [
        3.605757644735396,
        2.995334578209361,
        2.9189732910433426,
        3.9076647324097378,
        4.28199301589113,
        3.6021754733254108,
        4.238807549082433,
        3.5487167886409865,
        5.620848232472676,
        2.892181072086464
    ],
    "Metrics": {
        "CQ": 3.2,
        "QBI": 1.0,
        "No.Active": 4,
        "DI": 1.0,
        "PC": 21.419999999999998
    }
}